{"moverUid":[],"moverVector":[],"targetVector":[{"x":2.4438583850860597,"y":0.25,"z":-2.0869085788726808}],"targetGoalVector":{"x":-2.5078632831573488,"y":0.25,"z":-3.0213639736175539}}
