{"moverUid":[],"moverVector":[{"x":-2.631986618041992,"y":0.25,"z":-11.117317199707032},{"x":-2.5802345275878908,"y":0.25,"z":19.25078010559082}],"targetVector":[{"x":1.3390461206436158,"y":0.25,"z":-3.542140483856201},{"x":-2.771688222885132,"y":0.25,"z":8.345794677734375},{"x":5.182807445526123,"y":0.25,"z":14.369027137756348}],"targetGoalVector":{"x":-17.50316619873047,"y":0.25,"z":2.457470178604126}}
