{"moverUid":[],"moverVector":[],"targetVector":[{"x":2.8427894115448,"y":0.25,"z":-3.2289648056030275}],"targetGoalVector":{"x":-17.50316619873047,"y":0.25,"z":2.457470178604126}}
