{"moverUid":[],"moverVector":[{"x":-3.026906967163086,"y":0.25,"z":-2.4202213287353517}]}
