{"moverUid":[],"moverVector":[{"x":3.8681764602661135,"y":0.25,"z":-4.000558853149414},{"x":0.40185070037841799,"y":0.25,"z":-4.098306655883789}],"targetVector":[{"x":3.2173376083374025,"y":0.25,"z":-1.707088589668274},{"x":-3.3756062984466554,"y":0.25,"z":-4.747389316558838}]}
