{"moverUid":[],"moverVector":[{"x":-18.674152374267579,"y":0.25,"z":-6.352483749389648},{"x":-2.5802345275878908,"y":0.25,"z":19.25078010559082}],"targetVector":[{"x":1.3390461206436158,"y":0.25,"z":-3.542140483856201},{"x":1.268051028251648,"y":0.25,"z":5.4662861824035648},{"x":5.182807445526123,"y":0.25,"z":14.369027137756348}],"targetGoalVector":{"x":-17.703983306884767,"y":0.25,"z":-0.4444406032562256}}
